DNS Source	Occurences	#	Domain Rating	URL Rating (desc)	Referring Domains	Referring Page URL	Referring Page Title	Internal Links Count	External Links Count	Link URL	TextPre	Link Anchor	TextPost	Type	First Seen	Last Check	Language	Traffic	Keywords	Linked Domains	DNS Cible
www.bandol-blog.com	20890	29.0	21.0	24.0	47.0	http://www.bandol-blog.com/	www.bandol-blog.com | Ile Rousse, depuis le Capelan	159.0	144.0	http://www.portcrosparcnational.fr/accueil/		Parc Nat. Port Cros		Dofollow	03/07/2015 18:39	23/02/2020 16:01	fr	606.0	22.0	93.0	www.portcrosparcnational.fr
www.aqualike.com	11395	52854.0	13.0	7.0	0.0	http://www.aqualike.com/4-equipement/58-/68-palmes-zip	Aquasphere - Palmes Palmes Zip	65.0	23.0	http://www.portcrosparcnational.fr/accueil/		>>Port Cros		Nofollow	21/04/2018 04:27	13/02/2020 03:31	fr	7.0	2.0	17.0	www.portcrosparcnational.fr
www.portcros-parcnational.fr	5301	6.0	62.0	48.0	676.0	http://www.portcros-parcnational.fr/fr	Parc national de Port-Cros et Porquerolles |	110.0	41.0	http://www.portcrosparcnational.fr/		Parc national de Port-Cros		Dofollow	26/11/2017 19:35	20/02/2020 10:16	fr	1131.0	381.0	26.0	www.portcrosparcnational.fr
www.ramatuelle-tourisme.com	2076	10.0	45.0	41.0	309.0	https://www.ramatuelle-tourisme.com/	Office de Tourisme et de la Culture – Ramatuelle	59.0	41.0	http://www.portcrosparcnational.fr/		Parc national de Port-Cros		Dofollow, Image	17/05/2017 15:04	22/02/2020 03:51		1283.0	126.0	17.0	www.portcrosparcnational.fr
www.cevennes-parcnational.fr	2069	3.0	67.0	50.0	824.0	http://www.cevennes-parcnational.fr/fr	Parc national des Cévennes |	203.0	37.0	http://www.portcrosparcnational.fr/		Parc national de Port-Cros		Dofollow	11/01/2019 04:07	23/02/2020 14:12		938.0	935.0	20.0	www.portcrosparcnational.fr
www.vanoise-parcnational.fr	1275	5.0	62.0	48.0	579.0	http://www.vanoise-parcnational.fr/fr	Parc national de la Vanoise |	188.0	51.0	http://www.portcrosparcnational.fr/		Parc national de Port-Cros		Dofollow	02/08/2016 01:18	23/02/2020 14:30	fr	2424.0	146.0	21.0	www.portcrosparcnational.fr
www.calanques-parcnational.fr	1035	2.0	63.0	51.0	842.0	http://www.calanques-parcnational.fr/fr	Parc national des Calanques |	173.0	34.0	http://www.portcrosparcnational.fr/		Parc national de Port-Cros		Dofollow	05/12/2017 11:40	22/02/2020 22:02	fr	3008.0	498.0	21.0	www.portcrosparcnational.fr
www.pyrenees-parcnational.fr	981	7.0	55.0	45.0	450.0	http://www.pyrenees-parcnational.fr/fr	Parc national des Pyrénées |	201.0	42.0	http://www.portcrosparcnational.fr/		Parc national de Port-Cros		Dofollow	05/02/2017 23:00	23/02/2020 03:39	fr	2241.0	475.0	24.0	www.portcrosparcnational.fr
prod-pnp.parcnational.fr	886	4681.0	31.0	11.0	1.0	http://prod-pnp.parcnational.fr/fr/des-actions/connaitre-et-proteger-les-patrimoines/connaitre-et-preserver-le-patrimoine-naturel-5	Grand tétras | Parc national des Pyrénées	169.0	44.0	http://www.portcrosparcnational.fr/		Parc national de Port-Cros		Dofollow	06/07/2018 22:53	17/02/2020 06:10	fr	0.94	1.0	25.0	www.portcrosparcnational.fr
prod-pnc.parcnational.fr	776	24254.0	31.0	8.0	0.0	http://prod-pnc.parcnational.fr/fr/actualites/biosphera-cest-parti	Biosphera, c'est parti ! | Parc national des Cévennes	160.0	59.0	http://www.portcrosparcnational.fr/		Parc national de Port-Cros		Dofollow	07/01/2017 10:32	15/02/2020 14:41	fr	4.0	1.0	22.0	www.portcrosparcnational.fr
